Lon_euro,Lon_efp,Lat_efp
15.1000,18.5155,-64.6982
15.2000,18.5823,-64.6808
15.3000,18.649,-64.6635
15.4000,18.7158,-64.6462
15.5000,18.7826,-64.6291
15.6000,18.8495,-64.6120
15.7000,18.9164,-64.5949
15.8000,18.9833,-64.5780
15.9000,19.0502,-64.5611
16.0000,19.1172,-64.5443
16.1000,19.1842,-64.5276
16.2000,19.2512,-64.5110
16.3000,19.3183,-64.4944
16.4000,19.3853,-64.4779
16.5000,19.4524,-64.4615
16.6000,19.5196,-64.4452
16.7000,19.5867,-64.4289
16.8000,19.6539,-64.4127
16.9000,19.7211,-64.3966
17.0000,19.7883,-64.3805
17.1000,19.8556,-64.3645
17.2000,19.9228,-64.3487
17.3000,19.9901,-64.3328
17.4000,20.0574,-64.3171
17.5000,20.1248,-64.3014
17.6000,20.1921,-64.2858
17.7000,20.2595,-64.2703
17.8000,20.3269,-64.2548
17.9000,20.3944,-64.2394
18.0000,20.4618,-64.2241
18.1000,20.5293,-64.2089
18.2000,20.5968,-64.1937
18.3000,20.6643,-64.1786
18.4000,20.7318,-64.1636
18.5000,20.7994,-64.1486
18.6000,20.8669,-64.1338
18.7000,20.9345,-64.1190
18.8000,21.0021,-64.1042
18.9000,21.0698,-64.0896
19.0000,21.1374,-64.0750
19.1000,21.2051,-64.0604
19.2000,21.2728,-64.0460
19.3000,21.3405,-64.0316
19.4000,21.4082,-64.0173
19.5000,21.4759,-64.0030
19.6000,21.5437,-63.9889
19.7000,21.6114,-63.9748
19.8000,21.6792,-63.9607
19.9000,21.747,-63.9468
20.0000,21.8148,-63.9329
20.1000,21.8827,-63.9191
20.2000,21.9505,-63.9053
20.3000,22.0184,-63.8916
20.4000,22.0863,-63.8780
20.5000,22.1541,-63.8645
20.6000,22.222,-63.8510
20.7000,22.29,-63.8376
20.8000,22.3579,-63.8243
20.9000,22.4258,-63.8110
21.0000,22.4938,-63.7978
21.1000,22.5618,-63.7847
21.2000,22.6298,-63.7716
21.3000,22.6978,-63.7586
21.4000,22.7658,-63.7457
21.5000,22.8338,-63.7328
21.6000,22.9018,-63.7200
21.7000,22.9699,-63.7072
21.8000,23.0379,-63.6946
21.9000,23.106,-63.6820
22.0000,23.1741,-63.6695
22.1000,23.2422,-63.6570
22.2000,23.3103,-63.6446
22.3000,23.3784,-63.6322
22.4000,23.4465,-63.6200
22.5000,23.5147,-63.6078
22.6000,23.5828,-63.5956
22.7000,23.6509,-63.5836
22.8000,23.7191,-63.5716
22.9000,23.7873,-63.5596
23.0000,23.8555,-63.5477
23.1000,23.9236,-63.5359
23.2000,23.9918,-63.5242
23.3000,24.06,-63.5125
23.4000,24.1283,-63.5009
23.5000,24.1965,-63.4893
23.6000,24.2647,-63.4778
23.7000,24.3329,-63.4664
23.8000,24.4012,-63.4550
23.9000,24.4694,-63.4437
24.0000,24.5377,-63.4325
24.1000,24.606,-63.4213
24.2000,24.6742,-63.4102
24.3000,24.7425,-63.3991
24.4000,24.8108,-63.3881
24.5000,24.8791,-63.3772
24.6000,24.9474,-63.3663
24.7000,25.0157,-63.3555
24.8000,25.084,-63.3448
24.9000,25.1523,-63.3341
25.0000,25.2206,-63.3234
25.1000,25.2889,-63.3129
25.2000,25.3573,-63.3024
25.3000,25.4256,-63.2920
25.4000,25.4939,-63.2816
25.5000,25.5623,-63.2713
25.6000,25.6306,-63.2610
25.7000,25.699,-63.2508
25.8000,25.7673,-63.2406
25.9000,25.8357,-63.2306
26.0000,25.9041,-63.2205
26.1000,25.9724,-63.2106
26.2000,26.0408,-63.2007
26.3000,26.1092,-63.1908
26.4000,26.1775,-63.1810
26.5000,26.2459,-63.1713
26.6000,26.3143,-63.1617
26.7000,26.3827,-63.1520
26.8000,26.4511,-63.1425
26.9000,26.5195,-63.1330
27.0000,26.5878,-63.1236
27.1000,26.6562,-63.1142
27.2000,26.7246,-63.1049
27.3000,26.793,-63.0956
27.4000,26.8614,-63.0864
27.5000,26.9298,-63.0772
27.6000,26.9982,-63.0681
27.7000,27.0666,-63.0591
27.8000,27.135,-63.0501
27.9000,27.2034,-63.0412
28.0000,27.2718,-63.0323
28.1000,27.3402,-63.0235
28.2000,27.4086,-63.0147
28.3000,27.477,-63.0060
28.4000,27.5454,-62.9974
28.5000,27.6138,-62.9888
28.6000,27.6823,-62.9803
28.7000,27.7507,-62.9718
28.8000,27.8191,-62.9633
28.9000,27.8875,-62.9550
29.0000,27.9559,-62.9466
29.1000,28.0243,-62.9384
29.2000,28.0927,-62.9302
29.3000,28.1611,-62.9220
29.4000,28.2295,-62.9139
29.5000,28.2979,-62.9058
29.6000,28.3663,-62.8978
29.7000,28.4347,-62.8899
29.8000,28.5031,-62.8820
29.9000,28.5715,-62.8741
30.0000,28.6399,-62.8663
30.1000,28.7083,-62.8586
30.2000,28.7767,-62.8509
30.3000,28.845,-62.8433
30.4000,28.9134,-62.8357
30.5000,28.9818,-62.8282
30.6000,29.0502,-62.8207
30.7000,29.1186,-62.8132
30.8000,29.187,-62.8059
30.9000,29.2553,-62.7985
31.0000,29.3237,-62.7913
31.1000,29.3921,-62.7840
31.2000,29.4604,-62.7768
31.3000,29.5288,-62.7697
31.4000,29.5972,-62.7626
31.5000,29.6655,-62.7556
31.6000,29.7339,-62.7486
31.7000,29.8022,-62.7417
31.8000,29.8706,-62.7348
31.9000,29.9389,-62.7280
32.0000,30.0073,-62.7212
32.1000,30.0756,-62.7145
32.2000,30.1439,-62.7078
32.3000,30.2123,-62.7011
32.4000,30.2806,-62.6945
32.5000,30.3489,-62.6880
32.6000,30.4172,-62.6815
32.7000,30.4856,-62.6751
32.8000,30.5539,-62.6687
32.9000,30.6222,-62.6623
33.0000,30.6905,-62.6560
33.1000,30.7588,-62.6497
33.2000,30.8271,-62.6435
33.3000,30.8954,-62.6373
33.4000,30.9636,-62.6312
33.5000,31.0319,-62.6252
33.6000,31.1002,-62.6191
33.7000,31.1685,-62.6131
33.8000,31.2367,-62.6072
33.9000,31.305,-62.6013
34.0000,31.3733,-62.5955
34.1000,31.4415,-62.5897
34.2000,31.5098,-62.5839
34.3000,31.578,-62.5782
34.4000,31.6462,-62.5725
34.5000,31.7145,-62.5669
34.6000,31.7827,-62.5613
34.7000,31.8509,-62.5558
34.8000,31.9191,-62.5503
34.9000,31.9873,-62.5448
35.0000,32.0555,-62.5394
35.1000,32.1237,-62.5341
35.2000,32.1919,-62.5287
35.3000,32.2601,-62.5235
35.4000,32.3283,-62.5182
35.5000,32.3964,-62.5130
35.6000,32.4646,-62.5079
35.7000,32.5328,-62.5028
35.8000,32.6009,-62.4977
35.9000,32.6691,-62.4927
36.0000,32.7372,-62.4877
36.1000,32.8054,-62.4828
36.2000,32.8735,-62.4779
36.3000,32.9416,-62.4730
36.4000,33.0097,-62.4682
36.5000,33.0779,-62.4634
36.6000,33.146,-62.4587
36.7000,33.2141,-62.4540
36.8000,33.2822,-62.4494
36.9000,33.3503,-62.4447
37.0000,33.4183,-62.4402
37.1000,33.4864,-62.4356
37.2000,33.5545,-62.4311
37.3000,33.6225,-62.4267
37.4000,33.6906,-62.4223
37.5000,33.7586,-62.4179
37.6000,33.8267,-62.4136
37.7000,33.8947,-62.4093
37.8000,33.9627,-62.4050
37.9000,34.0308,-62.4008
38.0000,34.0988,-62.3966
38.1000,34.1668,-62.3925
38.2000,34.2348,-62.3884
38.3000,34.3028,-62.3843
38.4000,34.3708,-62.3803
38.5000,34.4387,-62.3763
38.6000,34.5067,-62.3723
38.7000,34.5747,-62.3684
38.8000,34.6426,-62.3645
38.9000,34.7106,-62.3607
39.0000,34.7785,-62.3569
39.1000,34.8464,-62.3531
39.2000,34.9144,-62.3494
39.3000,34.9823,-62.3457
39.4000,35.0502,-62.3420
39.5000,35.1181,-62.3384
39.6000,35.186,-62.3348
39.7000,35.2539,-62.3313
39.8000,35.3218,-62.3277
39.9000,35.3897,-62.3243
40.0000,35.4575,-62.3208
40.1000,35.5254,-62.3174
40.2000,35.5933,-62.3140
40.3000,35.6611,-62.3107
40.4000,35.7289,-62.3074
40.5000,35.7968,-62.3041
40.6000,35.8646,-62.3009
40.7000,35.9324,-62.2976
40.8000,36.0002,-62.2945
40.9000,36.068,-62.2913
41.0000,36.1358,-62.2882
41.1000,36.2036,-62.2852
41.2000,36.2714,-62.2821
41.3000,36.3391,-62.2791
41.4000,36.4069,-62.2762
41.5000,36.4747,-62.2732
41.6000,36.5424,-62.2703
41.7000,36.6101,-62.2675
41.8000,36.6779,-62.2646
41.9000,36.7456,-62.2618
42.0000,36.8133,-62.2590
42.1000,36.881,-62.2563
42.2000,36.9487,-62.2536
42.3000,37.0164,-62.2509
42.4000,37.0841,-62.2482
42.5000,37.1518,-62.2456
42.6000,37.2195,-62.2430
42.7000,37.2871,-62.2405
42.8000,37.3548,-62.2380
42.9000,37.4224,-62.2355
43.0000,37.4901,-62.2330
43.1000,37.5577,-62.2306
43.2000,37.6253,-62.2282
43.3000,37.6929,-62.2258
43.4000,37.7605,-62.2235
43.5000,37.8281,-62.2212
43.6000,37.8957,-62.2189
43.7000,37.9633,-62.2166
43.8000,38.0309,-62.2144
43.9000,38.0985,-62.2122
44.0000,38.166,-62.2101
44.1000,38.2336,-62.2079
44.2000,38.3011,-62.2058
44.3000,38.3687,-62.2037
44.4000,38.4362,-62.2017
44.5000,38.5037,-62.1997
44.6000,38.5712,-62.1977
44.7000,38.6388,-62.1957
44.8000,38.7063,-62.1938
44.9000,38.7738,-62.1919
45.0000,38.8412,-62.1900
45.1000,38.9087,-62.1882
45.2000,38.9762,-62.1863
45.3000,39.0436,-62.1845
45.4000,39.1111,-62.1828
45.5000,39.1785,-62.1810
45.6000,39.246,-62.1793
45.7000,39.3134,-62.1776
45.8000,39.3808,-62.1760
45.9000,39.4483,-62.1743
46.0000,39.5157,-62.1727
46.1000,39.5831,-62.1712
46.2000,39.6505,-62.1696
46.3000,39.7179,-62.1681
46.4000,39.7852,-62.1666
46.5000,39.8526,-62.1651
46.6000,39.92,-62.1637
46.7000,39.9873,-62.1622
46.8000,40.0547,-62.1608
46.9000,40.122,-62.1594
47.0000,40.1894,-62.1581
47.1000,40.2567,-62.1568
47.2000,40.324,-62.1555
47.3000,40.3913,-62.1542
47.4000,40.4586,-62.1530
47.5000,40.5259,-62.1517
47.6000,40.5932,-62.1505
47.7000,40.6605,-62.1494
47.8000,40.7278,-62.1482
47.9000,40.7951,-62.1471
48.0000,40.8623,-62.1460
48.1000,40.9296,-62.1449
48.2000,40.9968,-62.1438
48.3000,41.0641,-62.1428
48.4000,41.1313,-62.1418
48.5000,41.1985,-62.1408
48.6000,41.2657,-62.1399
48.7000,41.333,-62.1389
48.8000,41.4002,-62.1380
48.9000,41.4674,-62.1371
49.0000,41.5346,-62.1363
49.1000,41.6017,-62.1354
49.2000,41.6689,-62.1346
49.3000,41.7361,-62.1338
49.4000,41.8033,-62.1330
49.5000,41.8704,-62.1322
49.6000,41.9376,-62.1315
49.7000,42.0047,-62.1308
49.8000,42.0718,-62.1301
49.9000,42.139,-62.1294
50.0000,42.2061,-62.1288
50.1000,42.2732,-62.1282
50.2000,42.3403,-62.1276
50.3000,42.4074,-62.1270
50.4000,42.4745,-62.1264
50.5000,42.5416,-62.1259
50.6000,42.6087,-62.1254
50.7000,42.6758,-62.1249
50.8000,42.7429,-62.1244
50.9000,42.8099,-62.1239
51.0000,42.877,-62.1235
51.1000,42.9441,-62.1231
51.2000,43.0111,-62.1227
51.3000,43.0781,-62.1223
51.4000,43.1452,-62.1220
51.5000,43.2122,-62.1216
51.6000,43.2792,-62.1213
51.7000,43.3463,-62.1210
51.8000,43.4133,-62.1207
51.9000,43.4803,-62.1205
52.0000,43.5473,-62.1202
52.1000,43.6143,-62.1200
52.2000,43.6813,-62.1198
52.3000,43.7482,-62.1196
52.4000,43.8152,-62.1195
52.5000,43.8822,-62.1193
52.6000,43.9491,-62.1192
52.7000,44.0161,-62.1191
52.8000,44.0831,-62.1190
52.9000,44.15,-62.1190
53.0000,44.2169,-62.1189
53.1000,44.2839,-62.1189
53.2000,44.3508,-62.1189
53.3000,44.4177,-62.1189
53.4000,44.4847,-62.1189
53.5000,44.5516,-62.1190
53.6000,44.6185,-62.1190
53.7000,44.6854,-62.1191
53.8000,44.7523,-62.1192
53.9000,44.8192,-62.1193
54.0000,44.8861,-62.1195
54.1000,44.953,-62.1196
54.2000,45.0198,-62.1198
54.3000,45.0867,-62.1200
54.4000,45.1536,-62.1202
54.5000,45.2204,-62.1204
54.6000,45.2873,-62.1207
54.7000,45.3541,-62.1209
54.8000,45.421,-62.1212
54.9000,45.4878,-62.1215
55.0000,45.5547,-62.1218
55.1000,45.6215,-62.1221
55.2000,45.6883,-62.1224
55.3000,45.7552,-62.1228
55.4000,45.822,-62.1232
55.5000,45.8888,-62.1236
55.6000,45.9556,-62.1240
55.7000,46.0224,-62.1244
55.8000,46.0892,-62.1248
55.9000,46.156,-62.1253
56.0000,46.2228,-62.1257
56.1000,46.2896,-62.1262
56.2000,46.3564,-62.1267
56.3000,46.4232,-62.1273
56.4000,46.4899,-62.1278
56.5000,46.5567,-62.1283
56.6000,46.6235,-62.1289
56.7000,46.6902,-62.1295
56.8000,46.757,-62.1301
56.9000,46.8238,-62.1307
57.0000,46.8905,-62.1313
57.1000,46.9573,-62.1319
57.2000,47.024,-62.1326
57.3000,47.0907,-62.1333
57.4000,47.1575,-62.1340
57.5000,47.2242,-62.1346
57.6000,47.291,-62.1354
57.7000,47.3577,-62.1361
57.8000,47.4244,-62.1368
57.9000,47.4911,-62.1376
58.0000,47.5578,-62.1384
58.1000,47.6246,-62.1392
58.2000,47.6913,-62.1400
58.3000,47.758,-62.1408
58.4000,47.8247,-62.1416
58.5000,47.8914,-62.1424
58.6000,47.9581,-62.1433
58.7000,48.0248,-62.1442
58.8000,48.0915,-62.1451
58.9000,48.1581,-62.1460
59.0000,48.2248,-62.1469
59.1000,48.2915,-62.1478
59.2000,48.3582,-62.1487
59.3000,48.4249,-62.1497
59.4000,48.4916,-62.1507
59.5000,48.5582,-62.1516
59.6000,48.6249,-62.1526
59.7000,48.6916,-62.1536
59.8000,48.7582,-62.1547
59.9000,48.8249,-62.1557
60.0000,48.8916,-62.1568
60.1000,48.9582,-62.1578
60.2000,49.0249,-62.1589
60.3000,49.0915,-62.1600
60.4000,49.1582,-62.1611
60.5000,49.2248,-62.1622
60.6000,49.2915,-62.1633
60.7000,49.3581,-62.1645
60.8000,49.4247,-62.1656
60.9000,49.4914,-62.1668
61.0000,49.558,-62.1680
61.1000,49.6247,-62.1691
61.2000,49.6913,-62.1703
61.3000,49.7579,-62.1716
61.4000,49.8246,-62.1728
61.5000,49.8912,-62.1740
61.6000,49.9578,-62.1753
61.7000,50.0245,-62.1765
61.8000,50.0911,-62.1778
61.9000,50.1577,-62.1791
62.0000,50.2243,-62.1804
62.1000,50.291,-62.1817
62.2000,50.3576,-62.1830
62.3000,50.4242,-62.1844
62.4000,50.4908,-62.1857
62.5000,50.5574,-62.1871
62.6000,50.624,-62.1885
62.7000,50.6907,-62.1898
62.8000,50.7573,-62.1912
62.9000,50.8239,-62.1926
63.0000,50.8905,-62.1941
63.1000,50.9571,-62.1955
63.2000,51.0237,-62.1969
63.3000,51.0903,-62.1984
63.4000,51.1569,-62.1999
63.5000,51.2236,-62.2013
63.6000,51.2902,-62.2028
63.7000,51.3568,-62.2043
63.8000,51.4234,-62.2058
63.9000,51.49,-62.2074
64.0000,51.5566,-62.2089
64.1000,51.6232,-62.2104
64.2000,51.6898,-62.2120
64.3000,51.7564,-62.2136
64.4000,51.823,-62.2151
64.5000,51.8896,-62.2167
64.6000,51.9562,-62.2183
64.7000,52.0228,-62.2199
64.8000,52.0895,-62.2216
64.9000,52.1561,-62.2232
65.0000,52.2227,-62.2248
65.1000,52.2893,-62.2265
65.2000,52.3559,-62.2282
65.3000,52.4225,-62.2298
65.4000,52.4891,-62.2315
65.5000,52.5557,-62.2332
65.6000,52.6223,-62.2349
65.7000,52.6889,-62.2367
65.8000,52.7555,-62.2384
65.9000,52.8222,-62.2401
66.0000,52.8888,-62.2419
66.1000,52.9554,-62.2436
66.2000,53.022,-62.2454
66.3000,53.0886,-62.2472
66.4000,53.1552,-62.2490
66.5000,53.2218,-62.2508
66.6000,53.2885,-62.2526
66.7000,53.3551,-62.2544
66.8000,53.4217,-62.2563
66.9000,53.4883,-62.2581
67.0000,53.555,-62.2600
67.1000,53.6216,-62.2618
67.2000,53.6882,-62.2637
67.3000,53.7548,-62.2656
67.4000,53.8215,-62.2675
67.5000,53.8881,-62.2694
67.6000,53.9547,-62.2713
67.7000,54.0213,-62.2733
67.8000,54.088,-62.2752
67.9000,54.1546,-62.2772
68.0000,54.2213,-62.2791
68.1000,54.2879,-62.2811
68.2000,54.3545,-62.2831
68.3000,54.4212,-62.2850
68.4000,54.4878,-62.2870
68.5000,54.5545,-62.2891
68.6000,54.6211,-62.2911
68.7000,54.6878,-62.2931
68.8000,54.7544,-62.2951
68.9000,54.8211,-62.2972
69.0000,54.8878,-62.2993
69.1000,54.9544,-62.3013
69.2000,55.0211,-62.3034
69.3000,55.0878,-62.3055
69.4000,55.1544,-62.3076
69.5000,55.2211,-62.3097
69.6000,55.2878,-62.3118
69.7000,55.3544,-62.3140
69.8000,55.4211,-62.3161
69.9000,55.4878,-62.3182
70.0000,55.5545,-62.3204
70.1000,55.6212,-62.3226
70.2000,55.6879,-62.3247
70.3000,55.7546,-62.3269
70.4000,55.8213,-62.3291
70.5000,55.888,-62.3313
70.6000,55.9547,-62.3336
70.7000,56.0214,-62.3358
70.8000,56.0881,-62.3380
70.9000,56.1548,-62.3403
71.0000,56.2215,-62.3425
71.1000,56.2882,-62.3448
71.2000,56.355,-62.3471
71.3000,56.4217,-62.3494
71.4000,56.4884,-62.3517
71.5000,56.5551,-62.3540
71.6000,56.6219,-62.3563
71.7000,56.6886,-62.3586
71.8000,56.7554,-62.3609
71.9000,56.8221,-62.3633
72.0000,56.8889,-62.3656
72.1000,56.9556,-62.3680
72.2000,57.0224,-62.3704
72.3000,57.0891,-62.3728
72.4000,57.1559,-62.3752
72.5000,57.2227,-62.3776
72.6000,57.2895,-62.3800
72.7000,57.3562,-62.3824
72.8000,57.423,-62.3848
72.9000,57.4898,-62.3873
73.0000,57.5566,-62.3897
73.1000,57.6234,-62.3922
73.2000,57.6902,-62.3947
73.3000,57.757,-62.3972
73.4000,57.8238,-62.3997
73.5000,57.8906,-62.4022
73.6000,57.9574,-62.4047
73.7000,58.0243,-62.4072
73.8000,58.0911,-62.4097
73.9000,58.1579,-62.4123
74.0000,58.2248,-62.4148
74.1000,58.2916,-62.4174
74.2000,58.3584,-62.4200
74.3000,58.4253,-62.4225
74.4000,58.4922,-62.4251
74.5000,58.559,-62.4277
74.6000,58.6259,-62.4303
74.7000,58.6928,-62.4330
74.8000,58.7596,-62.4356
74.9000,58.8265,-62.4382
75.0000,58.8934,-62.4409
75.1000,58.9603,-62.4436
75.2000,59.0272,-62.4462
75.3000,59.0941,-62.4489
75.4000,59.161,-62.4516
75.5000,59.2279,-62.4543
75.6000,59.2948,-62.4570
75.7000,59.3617,-62.4597
75.8000,59.4287,-62.4625
75.9000,59.4956,-62.4652
76.0000,59.5626,-62.4679
76.1000,59.6295,-62.4707
76.2000,59.6965,-62.4735
76.3000,59.7634,-62.4763
76.4000,59.8304,-62.4791
76.5000,59.8973,-62.4819
76.6000,59.9643,-62.4847
76.7000,60.0313,-62.4875
76.8000,60.0983,-62.4903
76.9000,60.1653,-62.4932
77.0000,60.2323,-62.4960
77.1000,60.2993,-62.4989
77.2000,60.3663,-62.5018
77.3000,60.4333,-62.5047
77.4000,60.5003,-62.5076
77.5000,60.5674,-62.5105
77.6000,60.6344,-62.5134
77.7000,60.7014,-62.5163
77.8000,60.7685,-62.5192
77.9000,60.8355,-62.5222
78.0000,60.9026,-62.5252
78.1000,60.9697,-62.5281
78.2000,61.0367,-62.5311
78.3000,61.1038,-62.5341
78.4000,61.1709,-62.5371
78.5000,61.238,-62.5401
78.6000,61.3051,-62.5431
78.7000,61.3722,-62.5462
78.8000,61.4393,-62.5492
78.9000,61.5064,-62.5523
79.0000,61.5735,-62.5553
79.1000,61.6407,-62.5584
79.2000,61.7078,-62.5615
79.3000,61.775,-62.5646
79.4000,61.8421,-62.5677
79.5000,61.9093,-62.5708
79.6000,61.9764,-62.5739
79.7000,62.0436,-62.5771
79.8000,62.1108,-62.5802
79.9000,62.178,-62.5834
80.0000,62.2452,-62.5866
80.1000,62.3124,-62.5898
80.2000,62.3796,-62.5930
80.3000,62.4468,-62.5962
80.4000,62.514,-62.5994
80.5000,62.5812,-62.6026
80.6000,62.6485,-62.6059
80.7000,62.7157,-62.6091
80.8000,62.783,-62.6124
80.9000,62.8502,-62.6157
81.0000,62.9175,-62.6189
81.1000,62.9848,-62.6222
81.2000,63.0521,-62.6256
81.3000,63.1194,-62.6289
81.4000,63.1866,-62.6322
81.5000,63.254,-62.6356
81.6000,63.3213,-62.6389
81.7000,63.3886,-62.6423
81.8000,63.4559,-62.6457
81.9000,63.5232,-62.6491
82.0000,63.5906,-62.6525
82.1000,63.6579,-62.6559
82.2000,63.7253,-62.6593
82.3000,63.7927,-62.6627
82.4000,63.86,-62.6662
82.5000,63.9274,-62.6697
82.6000,63.9948,-62.6731
82.7000,64.0622,-62.6766
82.8000,64.1296,-62.6801
82.9000,64.197,-62.6836
83.0000,64.2644,-62.6872
83.1000,64.3319,-62.6907
83.2000,64.3993,-62.6942
83.3000,64.4668,-62.6978
83.4000,64.5342,-62.7014
83.5000,64.6017,-62.7050
83.6000,64.6691,-62.7086
83.7000,64.7366,-62.7122
83.8000,64.8041,-62.7158
83.9000,64.8716,-62.7194
84.0000,64.9391,-62.7231
84.1000,65.0066,-62.7267
84.2000,65.0741,-62.7304
84.3000,65.1417,-62.7341
84.4000,65.2092,-62.7378
84.5000,65.2767,-62.7415
84.6000,65.3443,-62.7452
84.7000,65.4118,-62.7490
84.8000,65.4794,-62.7527
84.9000,65.547,-62.7565
85.0000,65.6146,-62.7603
85.1000,65.6822,-62.7641
85.2000,65.7498,-62.7679
85.3000,65.8174,-62.7717
85.4000,65.885,-62.7755
85.5000,65.9526,-62.7793
85.6000,66.0203,-62.7832
85.7000,66.0879,-62.7871
85.8000,66.1556,-62.7910
85.9000,66.2232,-62.7949
86.0000,66.2909,-62.7988
86.1000,66.3586,-62.8027
86.2000,66.4263,-62.8066
86.3000,66.494,-62.8106
86.4000,66.5617,-62.8145
86.5000,66.6294,-62.8185
86.6000,66.6971,-62.8225
86.7000,66.7649,-62.8265
86.8000,66.8326,-62.8305
86.9000,66.9004,-62.8346
87.0000,66.9681,-62.8386
87.1000,67.0359,-62.8427
87.2000,67.1037,-62.8468
87.3000,67.1714,-62.8509
87.4000,67.2392,-62.8550
87.5000,67.307,-62.8591
87.6000,67.3749,-62.8632
87.7000,67.4427,-62.8674
87.8000,67.5105,-62.8715
87.9000,67.5784,-62.8757
88.0000,67.6462,-62.8799
88.1000,67.7141,-62.8841
88.2000,67.7819,-62.8883
88.3000,67.8498,-62.8926
88.4000,67.9177,-62.8968
88.5000,67.9856,-62.9011
88.6000,68.0535,-62.9054
88.7000,68.1214,-62.9097
88.8000,68.1893,-62.9140
88.9000,68.2573,-62.9183
89.0000,68.3252,-62.9227
89.1000,68.3932,-62.9270
89.2000,68.4611,-62.9314
89.3000,68.5291,-62.9358
89.4000,68.5971,-62.9402
89.5000,68.665,-62.9446
89.6000,68.733,-62.9490
89.7000,68.801,-62.9535
89.8000,68.8691,-62.9579
89.9000,68.9371,-62.9624
90.0000,69.0051,-62.9669
90.1000,69.0732,-62.9714
90.2000,69.1412,-62.9760
90.3000,69.2093,-62.9805
90.4000,69.2774,-62.9851
90.5000,69.3454,-62.9897
90.6000,69.4135,-62.9942
90.7000,69.4816,-62.9989
90.8000,69.5497,-63.0035
90.9000,69.6178,-63.0081
91.0000,69.686,-63.0128
91.1000,69.7541,-63.0175
91.2000,69.8222,-63.0221
91.3000,69.8904,-63.0269
91.4000,69.9586,-63.0316
91.5000,70.0267,-63.0363
91.6000,70.0949,-63.0411
91.7000,70.1631,-63.0459
91.8000,70.2313,-63.0507
91.9000,70.2995,-63.0555
92.0000,70.3678,-63.0603
92.1000,70.436,-63.0651
92.2000,70.5042,-63.0700
92.3000,70.5725,-63.0749
92.4000,70.6407,-63.0798
92.5000,70.709,-63.0847
92.6000,70.7773,-63.0896
92.7000,70.8456,-63.0946
92.8000,70.9139,-63.0995
92.9000,70.9822,-63.1045
93.0000,71.0505,-63.1095
93.1000,71.1188,-63.1145
93.2000,71.1871,-63.1196
93.3000,71.2555,-63.1246
93.4000,71.3238,-63.1297
93.5000,71.3922,-63.1348
93.6000,71.4606,-63.1399
93.7000,71.529,-63.1450
93.8000,71.5974,-63.1502
93.9000,71.6657,-63.1553
94.0000,71.7342,-63.1605
94.1000,71.8026,-63.1657
94.2000,71.871,-63.1709
94.3000,71.9394,-63.1762
94.4000,72.0079,-63.1814
94.5000,72.0763,-63.1867
94.6000,72.1448,-63.1920
94.7000,72.2133,-63.1973
94.8000,72.2818,-63.2026
94.9000,72.3503,-63.2080
95.0000,72.4188,-63.2133
95.1000,72.4873,-63.2187
95.2000,72.5558,-63.2241
95.3000,72.6244,-63.2296
95.4000,72.6929,-63.2350
95.5000,72.7614,-63.2405
95.6000,72.83,-63.2460
95.7000,72.8986,-63.2515
95.8000,72.9672,-63.2570
95.9000,73.0358,-63.2625
96.0000,73.1043,-63.2681
96.1000,73.173,-63.2737
96.2000,73.2416,-63.2793
96.3000,73.3102,-63.2849
96.4000,73.3788,-63.2906
96.5000,73.4475,-63.2962
96.6000,73.5161,-63.3019
96.7000,73.5848,-63.3076
96.8000,73.6535,-63.3133
96.9000,73.7222,-63.3191
97.0000,73.7909,-63.3248
97.1000,73.8596,-63.3306
97.2000,73.9283,-63.3364
97.3000,73.997,-63.3423
97.4000,74.0657,-63.3481
97.5000,74.1345,-63.3540
97.6000,74.2032,-63.3599
97.7000,74.272,-63.3658
97.8000,74.3407,-63.3717
97.9000,74.4095,-63.3777
98.0000,74.4783,-63.3837
98.1000,74.5471,-63.3896
98.2000,74.6159,-63.3957
98.3000,74.6847,-63.4017
98.4000,74.7535,-63.4078
98.5000,74.8224,-63.4139
98.6000,74.8912,-63.4200
98.7000,74.9601,-63.4261
98.8000,75.0289,-63.4322
98.9000,75.0978,-63.4384
99.0000,75.1667,-63.4446
99.1000,75.2355,-63.4508
99.2000,75.3044,-63.4570
99.3000,75.3733,-63.4633
99.4000,75.4423,-63.4696
99.5000,75.5112,-63.4759
99.6000,75.5801,-63.4822
99.7000,75.649,-63.4886
99.8000,75.718,-63.4950
99.9000,75.787,-63.5013
100.000,75.8559,-63.5078
100.100,75.9249,-63.5142
100.200,75.9939,-63.5207
100.300,76.0629,-63.5272
100.400,76.1319,-63.5337
100.500,76.2009,-63.5402
100.600,76.2699,-63.5468
100.700,76.3389,-63.5533
100.800,76.408,-63.5599
100.900,76.477,-63.5666
101.000,76.5461,-63.5732
101.100,76.6151,-63.5799
101.200,76.6842,-63.5866
101.300,76.7533,-63.5933
101.400,76.8224,-63.6001
101.500,76.8915,-63.6068
101.600,76.9606,-63.6136
101.700,77.0297,-63.6205
101.800,77.0988,-63.6273
101.900,77.168,-63.6342
102.000,77.2371,-63.6411
102.100,77.3062,-63.6480
102.200,77.3754,-63.6549
102.300,77.4446,-63.6619
102.400,77.5138,-63.6689
102.500,77.5829,-63.6759
102.600,77.6521,-63.6829
102.700,77.7213,-63.6900
102.800,77.7905,-63.6971
102.900,77.8597,-63.7042
103.000,77.929,-63.7113
103.100,77.9982,-63.7185
103.200,78.0675,-63.7257
103.300,78.1367,-63.7329
103.400,78.206,-63.7402
103.500,78.2752,-63.7474
103.600,78.3445,-63.7547
103.700,78.4138,-63.7621
103.800,78.4831,-63.7694
103.900,78.5524,-63.7768
104.000,78.6217,-63.7842
104.100,78.691,-63.7916
104.200,78.7603,-63.7990
104.300,78.8296,-63.8065
104.400,78.899,-63.8140
104.500,78.9683,-63.8215
104.600,79.0377,-63.8291
104.700,79.107,-63.8367
104.800,79.1764,-63.8443
104.900,79.2458,-63.8519
105.000,79.3152,-63.8596
105.100,79.3846,-63.8673
105.200,79.4539,-63.8750
105.300,79.5234,-63.8828
105.400,79.5928,-63.8905
105.500,79.6622,-63.8983
105.600,79.7316,-63.9061
105.700,79.8011,-63.9140
105.800,79.8705,-63.9219
105.900,79.9399,-63.9298
106.000,80.0094,-63.9378
106.100,80.0789,-63.9457
106.200,80.1483,-63.9537
106.300,80.2178,-63.9617
106.400,80.2873,-63.9698
106.500,80.3568,-63.9779
106.600,80.4263,-63.9860
106.700,80.4958,-63.9941
106.800,80.5653,-64.0023
106.900,80.6348,-64.0105
107.000,80.7044,-64.0187
107.100,80.7739,-64.0269
107.200,80.8435,-64.0352
107.300,80.913,-64.0435
107.400,80.9826,-64.0519
107.500,81.0521,-64.0602
107.600,81.1217,-64.0686
107.700,81.1913,-64.0770
107.800,81.2608,-64.0855
107.900,81.3304,-64.0939
108.000,81.4,-64.1025
108.100,81.4696,-64.1110
108.200,81.5392,-64.1196
108.300,81.6089,-64.1282
108.400,81.6785,-64.1368
108.500,81.7481,-64.1455
108.600,81.8177,-64.1542
108.700,81.8874,-64.1629
108.800,81.957,-64.1716
108.900,82.0267,-64.1804
109.000,82.0963,-64.1892
109.100,82.166,-64.1981
109.200,82.2357,-64.2069
109.300,82.3053,-64.2159
109.400,82.375,-64.2248
109.500,82.4447,-64.2338
109.600,82.5144,-64.2427
109.700,82.5841,-64.2518
109.800,82.6538,-64.2608
109.900,82.7235,-64.2699
110.000,82.7932,-64.2791
110.100,82.863,-64.2882
110.200,82.9327,-64.2974
110.300,83.0024,-64.3066
110.400,83.0721,-64.3158
110.500,83.1419,-64.3251
110.600,83.2116,-64.3344
110.700,83.2814,-64.3438
110.800,83.3512,-64.3531
110.900,83.4209,-64.3625
111.000,83.4907,-64.3720
111.100,83.5604,-64.3815
111.200,83.6302,-64.3910
111.300,83.7,-64.4005
111.400,83.7698,-64.4100
111.500,83.8396,-64.4196
111.600,83.9094,-64.4293
111.700,83.9792,-64.4389
111.800,84.049,-64.4486
111.900,84.1188,-64.4584
112.000,84.1886,-64.4681
112.100,84.2584,-64.4779
112.200,84.3283,-64.4877
112.300,84.3981,-64.4976
112.400,84.4679,-64.5075
112.500,84.5377,-64.5175
112.600,84.6076,-64.5274
112.700,84.6774,-64.5374
112.800,84.7473,-64.5474
112.900,84.8171,-64.5575
113.000,84.887,-64.5676
113.100,84.9568,-64.5777
113.200,85.0267,-64.5879
113.300,85.0966,-64.5981
113.400,85.1665,-64.6083
113.500,85.2363,-64.6186
113.600,85.3062,-64.6289
113.700,85.3761,-64.6392
113.800,85.446,-64.6496
113.900,85.5158,-64.6600
114.000,85.5857,-64.6704
114.100,85.6556,-64.6809
114.200,85.7255,-64.6914
114.300,85.7954,-64.7020
114.400,85.8653,-64.7125
114.500,85.9352,-64.7232
114.600,86.0051,-64.7338
114.700,86.0751,-64.7445
114.800,86.145,-64.7552
114.900,86.2149,-64.7660
115.000,86.2848,-64.7768
115.100,86.3547,-64.7876
115.200,86.4246,-64.7985
115.300,86.4946,-64.8094
115.400,86.5645,-64.8203
115.500,86.6344,-64.8313
115.600,86.7044,-64.8423
115.700,86.7743,-64.8533
115.800,86.8442,-64.8644
115.900,86.9142,-64.8755
116.000,86.9841,-64.8867
116.100,87.054,-64.8979
116.200,87.124,-64.9091
116.300,87.1939,-64.9204
116.400,87.2639,-64.9317
116.500,87.3338,-64.9430
116.600,87.4038,-64.9544
116.700,87.4737,-64.9658
116.800,87.5437,-64.9772
116.900,87.6136,-64.9887
117.000,87.6836,-65.0003
117.100,87.7535,-65.0118
117.200,87.8235,-65.0234
117.300,87.8934,-65.0350
117.400,87.9634,-65.0467
117.500,88.0333,-65.0584
117.600,88.1033,-65.0701
117.700,88.1733,-65.0819
117.800,88.2432,-65.0937
117.900,88.3132,-65.1056
118.000,88.3831,-65.1175
118.100,88.4531,-65.1295
118.200,88.523,-65.1414
118.300,88.593,-65.1534
118.400,88.663,-65.1655
118.500,88.7329,-65.1776
118.600,88.8029,-65.1898
118.700,88.8728,-65.2018
118.800,88.9428,-65.2140
118.900,89.0127,-65.2264
119.000,89.0827,-65.2386
119.100,89.1526,-65.2509
119.200,89.2226,-65.2634
119.300,89.2925,-65.2756
119.400,89.3625,-65.2882
119.500,89.4324,-65.3008
119.600,89.5024,-65.3130
119.700,89.5723,-65.3259
119.800,89.6423,-65.3381
119.900,89.7122,-65.3508
120.000,89.7822,-65.3637
120.100,89.8521,-65.3761
120.200,89.922,-65.3893
120.300,89.992,-65.3999
120.400,90.0619,-65.4177
120.500,90.1318,-65.4285
120.600,90.2018,-65.4413
120.700,90.2717,-65.4540
120.800,90.3416,-65.4667
120.900,90.4115,-65.4801
121.000,90.4814,-65.4929
121.100,90.5514,-65.5060
121.200,90.6213,-65.5191
121.300,90.6912,-65.5324
121.400,90.7611,-65.5457
121.500,90.831,-65.5588
121.600,90.9009,-65.5721
121.700,90.9708,-65.5855
121.800,91.0407,-65.5990
121.900,91.1105,-65.6123
122.000,91.1804,-65.6258
122.100,91.2503,-65.6393
122.200,91.3202,-65.6530
122.300,91.3901,-65.6666
122.400,91.4599,-65.6802
122.500,91.5298,-65.6940
122.600,91.5997,-65.7077
122.700,91.6695,-65.7215
122.800,91.7394,-65.7354
122.900,91.8092,-65.7492
123.000,91.8791,-65.7631
123.100,91.9489,-65.7770
123.200,92.0187,-65.7910
123.300,92.0885,-65.8051
123.400,92.1584,-65.8192
123.500,92.2282,-65.8333
123.600,92.298,-65.8474
123.700,92.3678,-65.8617
123.800,92.4376,-65.8760
123.900,92.5074,-65.8902
124.000,92.5771,-65.9045
124.100,92.6469,-65.9189
124.200,92.7167,-65.9334
124.300,92.7865,-65.9478
124.400,92.8562,-65.9624
124.500,92.926,-65.9769
124.600,92.9957,-65.9915
124.700,93.0655,-66.0061
124.800,93.1352,-66.0209
124.900,93.2049,-66.0356
125.000,93.2746,-66.0504
125.100,93.3443,-66.0652
125.200,93.414,-66.0800
125.300,93.4837,-66.0949
125.400,93.5534,-66.1099
125.500,93.6231,-66.1249
125.600,93.6928,-66.1400
125.700,93.7624,-66.1550
125.800,93.8321,-66.1702
125.900,93.9017,-66.1854
126.000,93.9714,-66.2006
126.100,94.041,-66.2158
126.200,94.1106,-66.2311
126.300,94.1802,-66.2465
126.400,94.2498,-66.2619
126.500,94.3194,-66.2774
126.600,94.389,-66.2929
126.700,94.4585,-66.3084
126.800,94.5281,-66.3240
126.900,94.5977,-66.3396
127.000,94.6672,-66.3553
127.100,94.7367,-66.3710
127.200,94.8062,-66.3868
127.300,94.8757,-66.4026
127.400,94.9452,-66.4184
127.500,95.0147,-66.4343
127.600,95.0842,-66.4503
127.700,95.1537,-66.4663
127.800,95.2231,-66.4823
127.900,95.2926,-66.4984
128.000,95.362,-66.5145
128.100,95.4314,-66.5307
128.200,95.5008,-66.5469
128.300,95.5702,-66.5632
128.400,95.6396,-66.5795
128.500,95.709,-66.5959
128.600,95.7783,-66.6123
128.700,95.8476,-66.6287
128.800,95.917,-66.6453
128.900,95.9863,-66.6618
129.000,96.0556,-66.6784
129.100,96.1249,-66.6951
129.200,96.1942,-66.7117
129.300,96.2634,-66.7285
129.400,96.3327,-66.7453
129.500,96.4019,-66.7621
129.600,96.4711,-66.7790
129.700,96.5403,-66.7959
129.800,96.6095,-66.8129
129.900,96.6787,-66.8299
130.000,96.7479,-66.8470
130.100,96.817,-66.8641
130.200,96.8861,-66.8813
130.300,96.9552,-66.8985
130.400,97.0243,-66.9158
130.500,97.0934,-66.9331
130.600,97.1625,-66.9504
130.700,97.2315,-66.9678
130.800,97.3006,-66.9853
130.900,97.3696,-67.0028
131.000,97.4386,-67.0204
131.100,97.5076,-67.0379
131.200,97.5765,-67.0556
131.300,97.6455,-67.0733
131.400,97.7144,-67.0910
131.500,97.7833,-67.1088
131.600,97.8522,-67.1267
131.700,97.9211,-67.1446
131.800,97.99,-67.1625
131.900,98.0588,-67.1805
132.000,98.1276,-67.1986
132.100,98.1964,-67.2166
132.200,98.2652,-67.2348
132.300,98.334,-67.2530
132.400,98.4027,-67.2712
132.500,98.4714,-67.2895
132.600,98.5401,-67.3078
132.700,98.6088,-67.3262
132.800,98.6775,-67.3447
132.900,98.7461,-67.3631
133.000,98.8147,-67.3817
133.100,98.8833,-67.4003
133.200,98.9519,-67.4189
133.300,99.0205,-67.4376
133.400,99.089,-67.4563
133.500,99.1575,-67.4751
133.600,99.226,-67.4939
133.700,99.2945,-67.5128
133.800,99.3629,-67.5317
133.900,99.4313,-67.5507
134.000,99.4997,-67.5698
134.100,99.5681,-67.5888
134.200,99.6364,-67.6080
134.300,99.7048,-67.6272
134.400,99.7731,-67.6464
134.500,99.8414,-67.6657
134.600,99.9096,-67.6850
134.700,99.9778,-67.7044
134.800,100.046,-67.7239
134.900,100.114,-67.7434
135.000,100.182,-67.7629
135.100,100.25,-67.7825
135.200,100.319,-67.8021
135.300,100.387,-67.8218
135.400,100.455,-67.8416
135.500,100.523,-67.8614
135.600,100.591,-67.8812
135.700,100.659,-67.9011
135.800,100.727,-67.9211
135.900,100.795,-67.9411
136.000,100.862,-67.9611
136.100,100.93,-67.9812
136.200,100.998,-68.0014
136.300,101.066,-68.0216
136.400,101.134,-68.0419
136.500,101.201,-68.0622
136.600,101.269,-68.0825
136.700,101.337,-68.1030
136.800,101.404,-68.1234
136.900,101.472,-68.1439
137.000,101.54,-68.1645
137.100,101.607,-68.1851
137.200,101.675,-68.2058
137.300,101.742,-68.2265
137.400,101.81,-68.2473
137.500,101.877,-68.2681
137.600,101.945,-68.2890
137.700,102.012,-68.3100
137.800,102.079,-68.3310
137.900,102.147,-68.3520
138.000,102.214,-68.3731
138.100,102.281,-68.3942
138.200,102.348,-68.4155
138.300,102.415,-68.4367
138.400,102.483,-68.4580
138.500,102.55,-68.4794
138.600,102.617,-68.5008
138.700,102.684,-68.5222
138.800,102.751,-68.5438
138.900,102.818,-68.5653
139.000,102.885,-68.5870
139.100,102.951,-68.6086
139.200,103.018,-68.6304
139.300,103.085,-68.6522
139.400,103.152,-68.6740
139.500,103.219,-68.6959
139.600,103.285,-68.7178
139.700,103.352,-68.7398
139.800,103.418,-68.7619
139.900,103.485,-68.7840
140.000,103.552,-68.8061
140.100,103.618,-68.8283
140.200,103.685,-68.8506
140.300,103.751,-68.8729
140.400,103.817,-68.8953
140.500,103.884,-68.9177
140.600,103.95,-68.9402
140.700,104.016,-68.9627
140.800,104.082,-68.9853
140.900,104.148,-69.0079
141.000,104.215,-69.0306
141.100,104.281,-69.0534
141.200,104.347,-69.0762
141.300,104.413,-69.0990
141.400,104.479,-69.1220
141.500,104.544,-69.1449
141.600,104.61,-69.1679
141.700,104.676,-69.1910
141.800,104.742,-69.2141
141.900,104.807,-69.2373
142.000,104.873,-69.2605
142.100,104.939,-69.2838
142.200,105.004,-69.3072
142.300,105.07,-69.3306
142.400,105.135,-69.3540
142.500,105.201,-69.3775
142.600,105.266,-69.4011
142.700,105.331,-69.4247
142.800,105.397,-69.4484
142.900,105.462,-69.4721
143.000,105.527,-69.4959
143.100,105.592,-69.5197
143.200,105.657,-69.5436
143.300,105.722,-69.5676
143.400,105.787,-69.5916
143.500,105.852,-69.6156
143.600,105.917,-69.6397
143.700,105.981,-69.6639
143.800,106.046,-69.6881
143.900,106.111,-69.7124
144.000,106.175,-69.7367
144.100,106.24,-69.7611
144.200,106.305,-69.7855
144.300,106.369,-69.8100
144.400,106.433,-69.8346
144.500,106.498,-69.8592
144.600,106.562,-69.8838
144.700,106.626,-69.9085
144.800,106.69,-69.9333
144.900,106.754,-69.9581
145.000,106.818,-69.9830
145.100,106.882,-70.0079
145.200,106.946,-70.0329
145.300,107.01,-70.0580
145.400,107.074,-70.0831
145.500,107.138,-70.1082
145.600,107.201,-70.1335
145.700,107.265,-70.1587
145.800,107.328,-70.1840
145.900,107.392,-70.2094
146.000,107.455,-70.2348
146.100,107.518,-70.2603
146.200,107.582,-70.2859
146.300,107.645,-70.3115
146.400,107.708,-70.3371
146.500,107.771,-70.3628
146.600,107.834,-70.3886
146.700,107.897,-70.4144
146.800,107.96,-70.4403
146.900,108.023,-70.4662
147.000,108.085,-70.4922
147.100,108.148,-70.5182
147.200,108.21,-70.5443
147.300,108.273,-70.5705
147.400,108.335,-70.5967
147.500,108.398,-70.6230
147.600,108.46,-70.6493
147.700,108.522,-70.6757
147.800,108.584,-70.7021
147.900,108.646,-70.7286
148.000,108.708,-70.7551
148.100,108.77,-70.7817
148.200,108.832,-70.8084
148.300,108.893,-70.8351
148.400,108.955,-70.8619
148.500,109.017,-70.8887
148.600,109.078,-70.9156
148.700,109.14,-70.9425
148.800,109.201,-70.9695
148.900,109.262,-70.9965
149.000,109.323,-71.0236
149.100,109.384,-71.0508
149.200,109.445,-71.0780
149.300,109.506,-71.1053
149.400,109.567,-71.1326
149.500,109.628,-71.1600
149.600,109.688,-71.1874
149.700,109.749,-71.2149
149.800,109.809,-71.2425
149.900,109.869,-71.2701
